Mutationtype,sars_isnv_0.2_0-count,sars_isnv_0.4_0.2-count,sars_isnv_0.6_0.4-count,sars_isnv_0.8_0.6-count,sars_isnv_0.95_0.8-count,sars_polymorphism_non_syn-count
CUAA,193,24,13,10,14,262
CUAC,68,24,7,20,15,141
CUAG,48,6,2,2,0,29
CUAU,194,33,9,8,23,363
CUCA,64,13,5,6,5,86
CUCC,20,1,3,2,0,30
CUCG,25,14,3,6,3,27
CUCU,68,14,27,28,23,91
CUGA,99,12,6,7,7,102
CUGC,46,7,1,4,6,62
CUGG,20,10,1,1,2,24
CUGU,173,32,11,13,16,295
CUUA,273,25,10,6,9,142
CUUC,46,8,5,3,6,89
CUUG,37,4,5,1,1,42
CUUU,159,29,6,6,10,234
GAAA,52,11,2,6,0,45
GAAC,34,2,1,1,0,36
GAAG,28,4,1,2,2,45
GAAU,28,5,2,2,0,27
GACA,13,1,2,0,0,15
GACC,13,3,0,0,0,17
GACG,13,3,2,1,0,10
GACU,9,2,1,1,2,32
GAGA,71,1,2,1,1,19
GAGC,28,2,1,2,0,31
GAGG,17,2,2,2,3,17
GAGU,33,5,3,1,1,21
GAUA,92,12,1,0,0,30
GAUC,61,6,3,1,2,34
GAUG,61,4,0,0,2,33
GAUU,43,18,12,3,6,58
AGAA,44,7,3,4,3,55
AGAC,20,7,2,7,2,20
AGAG,82,12,4,2,9,57
AGAU,26,4,4,2,3,47
AGCA,30,8,1,1,2,35
AGCC,9,0,0,0,0,22
AGCG,14,3,3,1,5,20
AGCU,15,3,0,0,0,33
AGGA,52,6,0,0,0,32
AGGC,23,4,0,0,0,9
AGGG,11,5,0,2,0,14
AGGU,23,10,11,9,37,52
AGUA,46,9,3,1,1,12
AGUC,15,1,2,1,3,19
AGUG,73,6,0,1,0,26
AGUU,52,7,3,0,2,65
UCAA,26,8,2,1,6,42
UCAC,33,5,2,1,1,30
UCAG,14,3,1,0,0,21
UCAU,31,8,0,0,1,23
UCCA,22,6,2,0,0,8
UCCC,24,1,1,1,1,4
UCCG,9,0,0,0,0,3
UCCU,65,8,1,0,0,15
UCGA,67,16,1,1,1,16
UCGC,31,3,0,0,0,8
UCGG,11,3,1,0,1,9
UCGU,27,6,1,1,0,32
UCUA,34,2,2,0,0,14
UCUC,39,4,2,0,0,20
UCUG,34,3,1,0,0,15
UCUU,60,8,1,1,1,30
GUAA,122,18,7,13,13,187
GUAC,63,11,4,6,14,77
GUAG,51,8,6,6,14,87
GUAU,117,13,8,7,7,160
GUCA,19,1,2,0,0,10
GUCC,12,1,2,0,0,18
GUCG,9,0,0,0,0,8
GUCU,38,3,2,1,1,62
GUGA,57,5,1,5,3,41
GUGC,49,12,3,2,5,42
GUGG,29,2,1,1,0,8
GUGU,142,17,8,8,7,63
GUUA,113,21,6,2,5,87
GUUC,104,13,3,4,3,134
GUUG,77,14,3,3,4,127
GUUU,198,39,36,49,55,242
CAAA,50,9,3,1,2,17
CAAC,11,1,1,1,1,13
CAAG,23,4,1,0,0,10
CAAU,22,1,1,0,0,31
CACA,14,3,0,0,1,12
CACC,6,1,0,1,0,1
CACG,3,0,0,1,0,2
CACU,10,2,0,0,1,31
CAGA,34,5,1,0,0,5
CAGC,8,3,2,1,0,3
CAGG,3,1,1,0,0,1
CAGU,21,3,1,0,0,16
CAUA,41,7,0,2,2,12
CAUC,7,0,0,0,0,6
CAUG,2,0,0,0,0,1
CAUU,15,7,3,1,1,12
GCAA,25,4,0,2,3,45
GCAC,31,5,0,1,0,7
GCAG,15,0,0,0,1,2
GCAU,83,14,1,0,0,13
GCCA,2,0,0,0,0,3
GCCC,7,2,0,0,0,0
GCCG,1,1,0,0,0,1
GCCU,5,0,0,0,0,3
GCGA,15,4,0,0,0,7
GCGC,22,0,0,0,0,1
GCGG,5,0,1,0,2,2
GCGU,53,3,2,1,0,8
GCUA,21,2,0,0,2,31
GCUC,32,3,4,0,0,3
GCUG,14,0,0,0,0,13
GCUU,38,4,1,1,0,17
CGAA,16,1,1,1,0,9
CGAC,4,0,0,0,0,2
CGAG,3,0,0,0,0,2
CGAU,13,0,0,2,0,6
CGCA,3,0,0,0,0,7
CGCC,0,0,0,0,0,0
CGCG,0,0,0,0,0,1
CGCU,1,0,2,0,0,3
CGGA,4,0,0,0,0,0
CGGC,52,0,3,1,0,0
CGGG,0,0,0,0,0,0
CGGU,15,4,1,1,1,1
CGUA,9,0,1,0,0,1
CGUC,3,3,0,0,0,5
CGUG,1,0,0,0,0,0
CGUU,4,1,0,0,0,3
ACAA,13,2,0,0,0,19
ACAC,16,2,2,0,0,5
ACAG,8,1,0,0,0,25
ACAU,74,1,0,0,1,26
ACCA,7,1,0,0,0,7
ACCC,2,2,1,0,0,4
ACCG,1,0,0,0,0,3
ACCU,103,12,0,1,0,13
ACGA,9,1,0,0,1,26
ACGC,2,2,0,1,0,7
ACGG,4,0,0,1,0,9
ACGU,6,3,0,0,0,12
ACUA,15,1,0,0,1,2
ACUC,8,1,0,0,0,4
ACUG,4,1,0,0,1,3
ACUU,6,1,0,0,0,11
UGAA,10,0,1,0,0,13
UGAC,8,2,0,0,0,10
UGAG,27,2,2,1,2,11
UGAU,12,1,0,0,0,17
UGCA,1,1,0,0,0,1
UGCC,4,1,0,1,1,2
UGCG,1,0,0,0,0,2
UGCU,7,2,0,0,0,5
UGGA,4,3,1,0,0,0
UGGC,8,0,0,0,0,5
UGGG,6,2,0,0,0,0
UGGU,8,3,1,0,0,17
UGUA,69,1,0,0,0,1
UGUC,7,0,0,0,0,12
UGUG,15,2,0,0,0,5
UGUU,12,2,1,1,0,16
AUAA,35,6,1,0,0,13
AUAC,22,5,3,2,2,2
AUAG,22,5,0,1,0,7
AUAU,36,3,2,1,1,15
AUCA,19,1,1,0,2,19
AUCC,3,0,0,0,0,1
AUCG,10,1,0,0,0,5
AUCU,21,2,1,0,0,8
AUGA,22,3,1,0,0,2
AUGC,28,5,0,1,1,3
AUGG,49,2,0,0,1,6
AUGU,25,4,0,2,1,6
AUUA,57,4,3,0,0,5
AUUC,25,3,0,1,0,2
AUUG,7,1,1,1,3,3
AUUU,33,3,0,0,0,10
UAAA,20,2,1,0,0,4
UAAC,32,12,3,2,5,3
UAAG,35,4,1,0,2,19
UAAU,26,4,2,0,0,10
UACA,14,3,0,1,2,2
UACC,1,0,1,0,0,4
UACG,5,0,0,0,0,2
UACU,12,4,0,0,1,6
UAGA,30,3,1,3,2,2
UAGC,4,0,0,0,1,2
UAGG,64,2,0,0,0,1
UAGU,13,1,0,1,0,2
UAUA,23,3,0,0,0,4
UAUC,10,0,0,1,1,6
UAUG,9,3,0,0,0,4
UAUU,11,2,0,0,1,6
