Mutationtype,sars_isnv_0.2_0-count,sars_isnv_0.4_0.2-count,sars_isnv_0.6_0.4-count,sars_isnv_0.8_0.6-count,sars_isnv_0.95_0.8-count,sars_polymorphism_syn-count
CUAA,142,26,10,19,32,349
CUAC,31,6,2,8,6,71
CUAG,33,7,1,0,8,86
CUAU,112,21,10,10,10,222
CUCA,45,2,3,4,5,123
CUCC,10,0,0,0,17,59
CUCG,11,6,3,3,9,41
CUCU,41,11,0,1,3,102
CUGA,32,7,1,4,4,89
CUGC,9,2,2,0,1,26
CUGG,20,12,3,2,3,41
CUGU,37,3,2,3,7,58
CUUA,121,21,10,6,16,248
CUUC,20,7,3,3,3,83
CUUG,61,8,3,1,2,120
CUUU,101,11,6,15,13,260
GAAA,30,3,0,2,1,32
GAAC,11,0,2,2,1,10
GAAG,27,7,1,1,1,33
GAAU,8,2,1,1,1,21
GACA,2,2,0,0,0,5
GACC,2,0,0,0,0,17
GACG,3,2,0,0,0,13
GACU,4,1,1,0,0,10
GAGA,1,0,0,0,0,4
GAGC,2,1,0,0,0,4
GAGG,19,0,1,1,2,14
GAGU,1,0,0,0,0,1
GAUA,17,0,0,1,0,2
GAUC,1,1,1,1,1,7
GAUG,4,1,0,0,1,10
GAUU,9,1,1,0,0,10
AGAA,24,6,1,2,1,18
AGAC,17,5,1,2,1,26
AGAG,78,5,0,1,2,41
AGAU,9,3,0,0,2,15
AGCA,14,2,0,0,0,20
AGCC,17,3,0,0,1,12
AGCG,13,0,1,0,1,25
AGCU,12,1,1,5,11,15
AGGA,9,1,0,0,1,10
AGGC,4,0,1,7,5,2
AGGG,8,0,0,0,0,11
AGGU,3,0,0,1,0,7
AGUA,9,2,0,1,0,4
AGUC,88,10,0,0,0,13
AGUG,22,6,3,3,7,28
AGUU,3,1,0,1,0,15
UCAA,28,1,7,11,11,59
UCAC,22,9,5,5,2,36
UCAG,35,4,1,1,2,76
UCAU,35,5,5,0,4,57
UCCA,29,5,1,2,2,43
UCCC,12,3,1,0,1,14
UCCG,30,2,0,1,1,40
UCCU,88,10,3,1,3,39
UCGA,38,0,0,1,2,17
UCGC,7,0,0,1,0,12
UCGG,30,11,0,6,3,32
UCGU,23,1,1,2,0,17
UCUA,40,3,1,0,1,37
UCUC,46,1,2,1,2,33
UCUG,181,18,4,3,11,42
UCUU,43,6,1,0,1,58
GUAA,0,0,0,0,0,0
GUAC,0,0,0,0,0,0
GUAG,0,0,0,0,0,0
GUAU,0,0,0,0,0,0
GUCA,5,0,0,0,0,26
GUCC,17,3,1,11,7,46
GUCG,11,0,0,0,2,19
GUCU,14,2,0,1,1,42
GUGA,0,0,0,0,0,1
GUGC,3,0,0,0,1,19
GUGG,0,0,0,0,0,5
GUGU,2,0,0,2,3,1
GUUA,19,7,3,1,2,31
GUUC,6,0,0,0,2,35
GUUG,8,3,0,1,1,50
GUUU,13,2,0,3,0,48
CAAA,0,0,0,0,0,0
CAAC,0,0,0,0,0,0
CAAG,2,0,0,0,0,1
CAAU,0,0,0,0,0,0
CACA,14,3,1,0,0,10
CACC,0,0,0,0,0,1
CACG,1,0,0,0,0,4
CACU,4,1,0,0,0,10
CAGA,4,0,0,0,0,2
CAGC,0,0,0,0,0,1
CAGG,5,0,0,0,0,0
CAGU,0,0,0,0,0,0
CAUA,9,2,0,0,0,9
CAUC,7,0,0,0,0,3
CAUG,4,1,0,0,1,4
CAUU,2,0,0,0,0,6
GCAA,0,0,0,0,0,0
GCAC,0,0,0,0,0,0
GCAG,0,0,0,0,0,0
GCAU,0,0,0,0,0,0
GCCA,0,0,0,0,0,0
GCCC,1,0,0,0,0,3
GCCG,0,0,0,0,0,2
GCCU,0,0,0,0,0,3
GCGA,0,0,0,0,0,0
GCGC,0,0,0,0,0,0
GCGG,0,0,0,0,0,0
GCGU,0,0,0,0,0,2
GCUA,0,0,1,0,0,4
GCUC,3,0,0,0,0,1
GCUG,2,0,0,0,0,0
GCUU,3,0,0,0,0,1
CGAA,0,0,0,0,0,0
CGAC,0,0,0,0,0,0
CGAG,0,0,0,0,0,0
CGAU,0,0,0,0,0,0
CGCA,3,1,0,1,0,2
CGCC,0,0,0,0,0,0
CGCG,0,0,0,0,0,0
CGCU,0,0,0,0,0,2
CGGA,3,0,0,0,0,1
CGGC,0,0,0,0,0,0
CGGG,0,0,1,0,0,0
CGGU,1,0,0,0,0,0
CGUA,0,0,0,0,0,2
CGUC,0,0,0,0,0,0
CGUG,0,1,0,0,0,0
CGUU,1,0,0,0,1,0
ACAA,0,0,0,0,0,0
ACAC,0,0,0,0,0,0
ACAG,0,0,0,0,0,3
ACAU,0,0,0,0,0,0
ACCA,5,0,1,0,0,1
ACCC,6,2,0,0,0,3
ACCG,3,0,1,0,0,7
ACCU,2,0,0,0,0,5
ACGA,5,3,0,0,0,0
ACGC,2,0,0,0,0,0
ACGG,0,0,0,0,0,7
ACGU,1,0,0,0,0,2
ACUA,1,1,0,0,0,1
ACUC,6,2,2,0,0,0
ACUG,4,1,1,0,0,4
ACUU,0,0,0,0,0,0
UGAA,0,0,0,0,0,0
UGAC,0,0,0,0,0,0
UGAG,0,0,0,0,0,0
UGAU,0,0,0,0,0,0
UGCA,19,1,1,0,0,2
UGCC,2,0,0,0,0,5
UGCG,4,1,0,0,0,8
UGCU,5,0,0,0,1,10
UGGA,0,0,0,0,0,1
UGGC,0,0,0,0,0,0
UGGG,2,0,0,0,0,3
UGGU,6,1,0,0,0,3
UGUA,5,0,0,0,1,3
UGUC,2,0,0,0,0,2
UGUG,5,0,0,0,0,4
UGUU,2,0,0,0,0,3
AUAA,0,0,0,0,0,0
AUAC,0,0,0,0,0,0
AUAG,0,0,0,0,0,0
AUAU,0,0,0,0,0,0
AUCA,13,1,0,0,2,19
AUCC,8,0,0,0,0,3
AUCG,9,1,1,0,1,20
AUCU,10,0,2,0,0,7
AUGA,3,0,0,0,0,1
AUGC,7,1,0,0,0,0
AUGG,53,0,0,0,0,2
AUGU,0,0,0,0,0,0
AUUA,7,2,0,1,0,3
AUUC,0,1,0,0,0,3
AUUG,8,1,0,0,1,5
AUUU,6,0,0,0,0,0
UAAA,0,0,0,0,0,0
UAAC,0,0,0,0,0,0
UAAG,0,0,0,0,0,0
UAAU,0,0,0,0,0,0
UACA,25,1,0,0,0,3
UACC,4,0,0,0,0,5
UACG,20,2,1,0,1,15
UACU,11,3,0,0,1,4
UAGA,1,0,0,0,0,1
UAGC,0,0,0,0,0,0
UAGG,15,2,0,0,0,4
UAGU,0,0,0,0,0,1
UAUA,34,2,1,0,0,11
UAUC,4,0,0,0,0,3
UAUG,10,5,1,1,1,12
UAUU,4,0,0,0,0,1
